<?xml version="1.0" encoding="UTF-8"?>
<Configuration status="WARN" monitorInterval="5">
  <!--Configuring appenders for logging -->
  <Appenders>
    <!--Console appender for application logs-->
    <Console name="Console" target="SYSTEM_OUT">
      <PatternLayout pattern="[%5.-5p]-[%d{UNIX_MILLIS}]-[%-27.-35t]-%d{ABSOLUTE_NANOS}-[%20c{1.}]--- %m%n"/>
    </Console>
  </Appenders>
  <Loggers>
    <!-- Root logger configuration-->
    <Root level="INFO">
      <AppenderRef ref="Console" />
    </Root>

  </Loggers>
</Configuration>
